{
  "project_info": {
    "project_number": "705494826507",
    "firebase_url": "https://daana-22bd0.firebaseio.com",
    "project_id": "daana-22bd0",
    "storage_bucket": "daana-22bd0.appspot.com"
  },
  "client": [
    {
      "client_info": {
        "mobilesdk_app_id": "1:705494826507:android:d53c4945261599bd",
        "android_client_info": {
          "package_name": "com.example.sravani.daana"
        }
      },
      "oauth_client": [
        {
          "client_id": "705494826507-qq565c2bf2d5f6t79q2d17df3goorq9v.apps.googleusercontent.com",
          "client_type": 1,
          "android_info": {
            "package_name": "com.example.sravani.daana",
            "certificate_hash": "e0749ae5b73352b9ec22cc9f34e58b8db7745d44"
          }
        },
        {
          "client_id": "705494826507-ll5skdcsgdpgek01mbrsijtbhbfhgsaj.apps.googleusercontent.com",
          "client_type": 3
        }
      ],
      "api_key": [
        {
          "current_key": "AIzaSyDHGLTxcvATLSfnS9q39xYLWPDJ3EwXiME"
        }
      ],
      "services": {
        "analytics_service": {
          "status": 1
        },
        "appinvite_service": {
          "status": 2,
          "other_platform_oauth_client": [
            {
              "client_id": "705494826507-ll5skdcsgdpgek01mbrsijtbhbfhgsaj.apps.googleusercontent.com",
              "client_type": 3
            }
          ]
        },
        "ads_service": {
          "status": 2
        }
      }
    }
  ],
  "configuration_version": "1"
}